<?xml version="1.0" encoding="utf-8"?><weather><location id="4079" name="Saint Petersburg" name_r="in Saint Petersburg" country_id="156" 
              country_name="Russia" district_id="4147" district_name="Sankt-Peterburg" kind="M" lat="59.94" lng="30.32"  tzone="180" cur_time="2024-04-19T16:48:00" nowcast_url="/nowcast-sankt-peterburg-4079/" nowcast_teaser="true"><fact valid="2024-04-20T00:00:00" tod="0" risem="326" setm="1229" durm="903" sunrise="1713590760" sunset="1713644940"><values t="-3" tflt="-3.2" tcflt="-5.9"  p="747" ws="2" wd="8" hum="98" hi="-6" cl="3" pt="2" pr="1" prflt="0.3" ts="0" water_t="4" icon="c4.s1" descr="Mainly cloudy, light snow" grade="2" ph="71"  /></fact><day date="2024-04-19" risem="329" setm="1227" durm="898" sunrise="1713504540" sunset="1713558420"></day><day date="2024-04-20" risem="326" setm="1229" durm="903" sunrise="1713590760" sunset="1713644940" tmin="-3" tmax="3" pmin="747"
                 pmax="761" wsmin="0" wsmax="3" hummin="69" hummax="98" cl="3" pt="2" pr="2" ts="0" icon="c4.rs2" descr="Mainly cloudy, freezing rain" p="757"
                 ws="3" wd="7" hum="81" grademax="3" prflt="9.4"  gust_speed="8.8"><forecast valid="2024-04-20T00:00:00" tod="-1"><values t="-3" p="747" ws="2" wd="8" hum="98" hi="-6" cl="3" pt="2" pr="3" prflt="2.5" ts="0"
                                icon="c4.s3" descr="Mainly cloudy, very heavy snow" 
                                grade="2"  /></forecast><forecast valid="2024-04-20T03:00:00" tod="0"><values t="-2" p="748" ws="1" wd="7" hum="86" hi="-2" cl="3" pt="2" pr="3" prflt="5.4" ts="0"
                                icon="c4.rs3" descr="Mainly cloudy, very heavy wet snow" 
                                grade="2"  gust_speed="4.2" /></forecast><forecast valid="2024-04-20T06:00:00" tod="-1"><values t="-2" p="749" ws="2" wd="7" hum="86" hi="-5" cl="3" pt="2" pr="1" prflt="0.8" ts="0"
                                icon="c4.rs1" descr="Mainly cloudy, light wet snow" 
                                grade="1"  gust_speed="6.2" /></forecast><forecast valid="2024-04-20T09:00:00" tod="1"><values t="-1" p="752" ws="3" wd="7" hum="79" hi="-4" cl="3" pt="2" pr="1" prflt="0.3" ts="0"
                                icon="c4.rs1" descr="Mainly cloudy, light wet snow" 
                                grade="2"  gust_speed="8.4" /></forecast><forecast valid="2024-04-20T12:00:00" tod="-1"><values t="0" p="755" ws="3" wd="6" hum="81" hi="-3" cl="3" pt="2" pr="1" prflt="0.2" ts="0"
                                icon="c4.rs1" descr="Mainly cloudy, light mixture of rain and snow" 
                                grade="1"  gust_speed="8.2" /></forecast><forecast valid="2024-04-20T15:00:00" tod="2"><values t="2" p="757" ws="3" wd="6" hum="70" hi="-1" cl="2" pt="2" pr="1" prflt="0.2" ts="0"
                                icon="d.c3.rs1" descr="Cloudy, light mixture of rain and snow" 
                                grade="2"  gust_speed="8.8" /></forecast><forecast valid="2024-04-20T18:00:00" tod="-1"><values t="3" p="759" ws="1" wd="6" hum="69" hi="3" cl="2" pt="2" pr="0" prflt="0" ts="0"
                                icon="d.c3" descr="Cloudy" 
                                grade="2"  gust_speed="8.7" /></forecast><forecast valid="2024-04-20T21:00:00" tod="3"><values t="1" p="761" ws="0" wd="0" hum="76" hi="1" cl="1" pt="0" pr="0" prflt="0" ts="0"
                                icon="n.c2" descr="Partly cloudy" 
                                grade="3"  gust_speed="4.4" /></forecast></day><day date="2024-04-21" risem="323" setm="1232" durm="909" sunrise="1713676980" sunset="1713731520" tmin="1" tmax="6" pmin="762"
                 pmax="769" wsmin="0" wsmax="3" hummin="69" hummax="82" cl="101" pt="2" pr="1" ts="0" icon="d.c3.rs1" descr="Partly cloudy, light mixture of rain and snow" p="769"
                 ws="3" wd="2" hum="76" grademax="3" prflt="0.4"  gust_speed="8.2"><forecast valid="2024-04-21T00:00:00" tod="-1"><values t="1" p="762" ws="0" wd="0" hum="80" hi="1" cl="1" pt="0" pr="0" prflt="0" ts="0"
                                icon="n.c2" descr="Partly cloudy" 
                                grade="3"  gust_speed="0.5" /></forecast><forecast valid="2024-04-21T03:00:00" tod="0"><values t="1" p="764" ws="0" wd="0" hum="82" hi="1" cl="3" pt="2" pr="1" prflt="0.2" ts="0"
                                icon="c4.rs1" descr="Mainly cloudy, light mixture of rain and snow" 
                                grade="3"  gust_speed="0.5" /></forecast><forecast valid="2024-04-21T06:00:00" tod="-1"><values t="1" p="765" ws="0" wd="0" hum="82" hi="1" cl="3" pt="2" pr="1" prflt="0.2" ts="0"
                                icon="c4.rs1" descr="Mainly cloudy, light mixture of rain and snow" 
                                grade="3"  gust_speed="0.6" /></forecast><forecast valid="2024-04-21T09:00:00" tod="1"><values t="3" p="767" ws="1" wd="2" hum="78" hi="3" cl="3" pt="0" pr="0" prflt="0" ts="0"
                                icon="c4" descr="Mainly cloudy" 
                                grade="2"  gust_speed="2.6" /></forecast><forecast valid="2024-04-21T12:00:00" tod="-1"><values t="5" p="768" ws="2" wd="2" hum="71" hi="4" cl="0" pt="0" pr="0" prflt="0" ts="0"
                                icon="d" descr="Fair" 
                                grade="2"  gust_speed="5.6" /></forecast><forecast valid="2024-04-21T15:00:00" tod="2"><values t="6" p="769" ws="2" wd="2" hum="69" hi="5" cl="1" pt="0" pr="0" prflt="0" ts="0"
                                icon="d.c2" descr="Partly cloudy" 
                                grade="2"  gust_speed="6.9" /></forecast><forecast valid="2024-04-21T18:00:00" tod="-1"><values t="5" p="768" ws="3" wd="2" hum="71" hi="3" cl="2" pt="0" pr="0" prflt="0" ts="0"
                                icon="d.c3" descr="Cloudy" 
                                grade="2"  gust_speed="8.2" /></forecast><forecast valid="2024-04-21T21:00:00" tod="3"><values t="4" p="769" ws="2" wd="2" hum="76" hi="2" cl="2" pt="0" pr="0" prflt="0" ts="0"
                                icon="n.c3" descr="Cloudy" 
                                grade="3"  gust_speed="8.2" /></forecast></day><day date="2024-04-22" risem="321" setm="1234" durm="913" sunrise="1713763260" sunset="1713818040" tmin="4" tmax="6" pmin="755"
                 pmax="767" wsmin="1" wsmax="4" hummin="82" hummax="87" cl="3" pt="1" pr="2" ts="0" icon="c4.r2" descr="Mainly cloudy, rain" p="0"
                 ws="4" wd="2" hum="86" grademax="2" prflt="6"  gust_speed="10.9"></day><day date="2024-04-23" risem="318" setm="1237" durm="919" sunrise="1713849480" sunset="1713904620" tmin="5" tmax="7" pmin="753"
                 pmax="758" wsmin="1" wsmax="3" hummin="77" hummax="92" cl="3" pt="1" pr="1" ts="0" icon="c4.r1" descr="Mainly cloudy, light rain" p="0"
                 ws="3" wd="5" hum="84" grademax="2" prflt="1.7"  gust_speed="10.1"></day><day date="2024-04-24" risem="315" setm="1239" durm="924" sunrise="1713935700" sunset="1713991140" tmin="2" tmax="6" pmin="759"
                 pmax="761" wsmin="0" wsmax="3" hummin="66" hummax="86" cl="101" pt="2" pr="1" ts="0" icon="d.c3.rs1" descr="Partly cloudy, light mixture of rain and snow" p="0"
                 ws="3" wd="6" hum="77" grademax="2" prflt="2.2"  gust_speed="8.1"></day><day date="2024-04-25" risem="312" setm="1242" durm="930" sunrise="1714021920" sunset="1714077720" tmin="4" tmax="8" pmin="755"
                 pmax="760" wsmin="0" wsmax="3" hummin="67" hummax="81" cl="101" pt="1" pr="1" ts="0" icon="d.c3.r1" descr="Partly cloudy, light rain" p="0"
                 ws="3" wd="2" hum="74" grademax="2" prflt="0.7"  gust_speed="8.5"></day><day date="2024-04-26" risem="309" setm="1244" durm="935" sunrise="1714108140" sunset="1714164240" tmin="4" tmax="12" pmin="757"
                 pmax="759" wsmin="0" wsmax="2" hummin="55" hummax="89" cl="101" pt="1" pr="2" ts="0" icon="d.c3.r2" descr="Partly cloudy, rain" p="0"
                 ws="2" wd="3" hum="73" grademax="2" prflt="5.9"  gust_speed="6"></day></location></weather>
