<?xml version="1.0" encoding="UTF-8"?><gupdate xmlns="http://www.google.com/update2/response" protocol="2.0" server="prod"><daystart elapsed_days="6318" elapsed_seconds="57245"/><app appid="bbncpldmanoknoahidbgmkgobgmhnafh" cohort="1::" cohortname="" status="ok"><updatecheck _esbAllowlist="false" status="noupdate"/></app><app appid="gmakpjahbdpafpgbnnlhbgnjacdniaeb" cohort="1::" cohortname="" status="ok"><updatecheck _esbAllowlist="false" _potentially_uws="true" status="noupdate"/></app><app appid="mgndgikekgjfcpckkfioiadnlibdjbkf" status="error-unknownApplication"/><app appid="obncagjhlkbolilenmldojgpliolmoak" cohort="1::" cohortname="" status="ok"><updatecheck _esbAllowlist="false" status="noupdate"/></app></gupdate>